{"ms-10541":{"cpu":{"min":0.0245,"max":0.13924},"memory":{"mean":0.55131},"disk":{"mean":0.025}},"ms-10916":{"cpu":{"min":0.15645,"max":0.39447},"memory":{"mean":0.57665},"disk":{"mean":0.025}},"ms-12086":{"cpu":{"min":0.033292,"max":0.055167},"memory":{"mean":0.49473},"disk":{"mean":0.025}},"ms-12602":{"cpu":{"min":0.038745,"max":0.10104},"memory":{"mean":0.59194},"disk":{"mean":0.025}},"ms-13386":{"cpu":{"min":0.061557,"max":0.10016},"memory":{"mean":0.60689},"disk":{"mean":0.025}},"ms-13400":{"cpu":{"min":0.07515,"max":0.12587},"memory":{"mean":0.46841},"disk":{"mean":0.025}},"ms-13825":{"cpu":{"min":0.06525,"max":0.2925},"memory":{"mean":0.64143},"disk":{"mean":0.025}},"ms-14153":{"cpu":{"min":0.13142,"max":0.29908},"memory":{"mean":0.61517},"disk":{"mean":0.025}},"ms-15266":{"cpu":{"min":0.15138,"max":0.54123},"memory":{"mean":0.55299},"disk":{"mean":0.025}},"ms-1566":{"cpu":{"min":0.062925,"max":0.10813},"memory":{"mean":0.45393},"disk":{"mean":0.025}},"ms-16235":{"cpu":{"min":0.014085,"max":0.026968},"memory":{"mean":0.35158},"disk":{"mean":0.025}},"ms-16735":{"cpu":{"min":0.09474,"max":0.38166},"memory":{"mean":0.7848},"disk":{"mean":0.025}},"ms-17571":{"cpu":{"min":0.0125,"max":0.056625},"memory":{"mean":0.62949},"disk":{"mean":0.025}},"ms-18249":{"cpu":{"min":0.016458,"max":0.034542},"memory":{"mean":0.34286},"disk":{"mean":0.025}},"ms-18473":{"cpu":{"min":0.052833,"max":0.19496},"memory":{"mean":0.6121},"disk":{"mean":0.025}},"ms-20383":{"cpu":{"min":0.032458,"max":0.066583},"memory":{"mean":0.63204},"disk":{"mean":0.025}},"ms-20908":{"cpu":{"min":0.030125,"max":0.36},"memory":{"mean":0.84745},"disk":{"mean":0.025}},"ms-20951":{"cpu":{"min":0.060967,"max":0.79623},"memory":{"mean":0.49075},"disk":{"mean":0.025}},"ms-21451":{"cpu":{"min":0.0415,"max":0.16229},"memory":{"mean":0.67198},"disk":{"mean":0.025}},"ms-2151":{"cpu":{"min":0.045,"max":0.11584},"memory":{"mean":0.49202},"disk":{"mean":0.025}},"ms-22012":{"cpu":{"min":0.079875,"max":0.18467},"memory":{"mean":0.9104},"disk":{"mean":0.025}},"ms-23612":{"cpu":{"min":0.15841,"max":0.20832},"memory":{"mean":0.65728},"disk":{"mean":0.025}},"ms-24964":{"cpu":{"min":0.073603,"max":0.11142},"memory":{"mean":0.46992},"disk":{"mean":0.025}},"ms-25557":{"cpu":{"min":0.0305,"max":0.050208},"memory":{"mean":0.39391},"disk":{"mean":0.025}},"ms-2842":{"cpu":{"min":0.068342,"max":0.09499},"memory":{"mean":0.4225},"disk":{"mean":0.025}},"ms-28467":{"cpu":{"min":0.03744,"max":0.07104},"memory":{"mean":0.14416},"disk":{"mean":0.025}},"ms-28617":{"cpu":{"min":0.014708,"max":0.026208},"memory":{"mean":0.37493},"disk":{"mean":0.025}},"ms-28875":{"cpu":{"min":0.1008,"max":0.46993},"memory":{"mean":0.65058},"disk":{"mean":0.025}},"ms-28991":{"cpu":{"min":0.14814,"max":0.36711},"memory":{"mean":0.65546},"disk":{"mean":0.025}},"ms-30966":{"cpu":{"min":0.02025,"max":0.022792},"memory":{"mean":0.41811},"disk":{"mean":0.025}},"ms-32135":{"cpu":{"min":0.047542,"max":0.28104},"memory":{"mean":0.65319},"disk":{"mean":0.025}},"ms-33056":{"cpu":{"min":0.029769,"max":0.03915},"memory":{"mean":0.39412},"disk":{"mean":0.025}},"ms-3386":{"cpu":{"min":0.028542,"max":0.066583},"memory":{"mean":0.38518},"disk":{"mean":0.025}},"ms-35973":{"cpu":{"min":0.034083,"max":0.10669},"memory":{"mean":0.53197},"disk":{"mean":0.025}},"ms-36285":{"cpu":{"min":0.0711,"max":0.08046},"memory":{"mean":0.91575},"disk":{"mean":0.025}},"ms-36942":{"cpu":{"min":0.029708,"max":0.13734},"memory":{"mean":0.63755},"disk":{"mean":0.025}},"ms-37287":{"cpu":{"min":0.037833,"max":0.1449},"memory":{"mean":0.11708},"disk":{"mean":0.025}},"ms-40071":{"cpu":{"min":0.042604,"max":0.1874},"memory":{"mean":0.11689},"disk":{"mean":0.025}},"ms-4020":{"cpu":{"min":0.11947,"max":0.21938},"memory":{"mean":0.68482},"disk":{"mean":0.025}},"ms-41385":{"cpu":{"min":0.15264,"max":0.26324},"memory":{"mean":0.50197},"disk":{"mean":0.025}},"ms-42253":{"cpu":{"min":0.025272,"max":0.036482},"memory":{"mean":0.33573},"disk":{"mean":0.025}},"ms-42664":{"cpu":{"min":0.05268,"max":0.19129},"memory":{"mean":0.56163},"disk":{"mean":0.025}},"ms-4651":{"cpu":{"min":0.047987,"max":0.05428},"memory":{"mean":0.5099},"disk":{"mean":0.025}},"ms-46634":{"cpu":{"min":0.020333,"max":0.04025},"memory":{"mean":0.59086},"disk":{"mean":0.025}},"ms-47144":{"cpu":{"min":0.077782,"max":0.10237},"memory":{"mean":0.49309},"disk":{"mean":0.025}},"ms-47353":{"cpu":{"min":0.09342,"max":0.13248},"memory":{"mean":0.4636},"disk":{"mean":0.025}},"ms-47970":{"cpu":{"min":0.09261,"max":0.29178},"memory":{"mean":0.60496},"disk":{"mean":0.025}},"ms-48517":{"cpu":{"min":0.021756,"max":0.12321},"memory":{"mean":0.74562},"disk":{"mean":0.025}},"ms-49162":{"cpu":{"min":0.10494,"max":0.22104},"memory":{"mean":0.61034},"disk":{"mean":0.025}},"ms-49759":{"cpu":{"min":0.02538,"max":0.06549},"memory":{"mean":0.49466},"disk":{"mean":0.025}},"ms-49944":{"cpu":{"min":0.088107,"max":0.18162},"memory":{"mean":0.77485},"disk":{"mean":0.025}},"ms-50741":{"cpu":{"min":0.0024271,"max":0.0078229},"memory":{"mean":0.37933},"disk":{"mean":0.025}},"ms-51682":{"cpu":{"min":0.021375,"max":0.028125},"memory":{"mean":0.69681},"disk":{"mean":0.025}},"ms-5182":{"cpu":{"min":0.10755,"max":0.25371},"memory":{"mean":0.69889},"disk":{"mean":0.025}},"ms-51863":{"cpu":{"min":0.03775,"max":0.067375},"memory":{"mean":0.065852},"disk":{"mean":0.025}},"ms-52149":{"cpu":{"min":0.09099,"max":0.16407},"memory":{"mean":0.6252},"disk":{"mean":0.025}},"ms-53302":{"cpu":{"min":0.031365,"max":0.07848},"memory":{"mean":0.39155},"disk":{"mean":0.025}},"ms-54249":{"cpu":{"min":0.048085,"max":0.08694},"memory":{"mean":0.53819},"disk":{"mean":0.025}},"ms-54484":{"cpu":{"min":0.042885,"max":0.27873},"memory":{"mean":0.34614},"disk":{"mean":0.025}},"ms-55238":{"cpu":{"min":0.04401,"max":0.09558},"memory":{"mean":0.69235},"disk":{"mean":0.025}},"ms-55290":{"cpu":{"min":0.0504,"max":0.14401},"memory":{"mean":0.7757},"disk":{"mean":0.025}},"ms-55302":{"cpu":{"min":0.0158,"max":0.063868},"memory":{"mean":0.1913},"disk":{"mean":0.025}},"ms-55866":{"cpu":{"min":0.012196,"max":0.22938},"memory":{"mean":0.35377},"disk":{"mean":0.025}},"ms-56325":{"cpu":{"min":0.03876,"max":0.13386},"memory":{"mean":0.5272},"disk":{"mean":0.025}},"ms-56707":{"cpu":{"min":0.18792,"max":0.23508},"memory":{"mean":0.64519},"disk":{"mean":0.025}},"ms-57887":{"cpu":{"min":0.020042,"max":0.028917},"memory":{"mean":0.70107},"disk":{"mean":0.025}},"ms-58160":{"cpu":{"min":0.04392,"max":0.19952},"memory":{"mean":0.41607},"disk":{"mean":0.025}},"ms-58383":{"cpu":{"min":0.022208,"max":0.03696},"memory":{"mean":0.41481},"disk":{"mean":0.025}},"ms-58582":{"cpu":{"min":0.13157,"max":0.35951},"memory":{"mean":0.62438},"disk":{"mean":0.025}},"ms-58652":{"cpu":{"min":0.04059,"max":0.06876},"memory":{"mean":0.41569},"disk":{"mean":0.025}},"ms-62243":{"cpu":{"min":0.03681,"max":0.076897},"memory":{"mean":0.41098},"disk":{"mean":0.025}},"ms-63434":{"cpu":{"min":0.056738,"max":0.12482},"memory":{"mean":0.67958},"disk":{"mean":0.025}},"ms-64367":{"cpu":{"min":0.039923,"max":0.054673},"memory":{"mean":0.45017},"disk":{"mean":0.025}},"ms-64794":{"cpu":{"min":0.018833,"max":0.12168},"memory":{"mean":0.54493},"disk":{"mean":0.025}},"ms-65094":{"cpu":{"min":0.09288,"max":0.11187},"memory":{"mean":0.40152},"disk":{"mean":0.025}},"ms-65374":{"cpu":{"min":0.016004,"max":0.02215},"memory":{"mean":0.71673},"disk":{"mean":0.025}},"ms-66149":{"cpu":{"min":0.058213,"max":0.081223},"memory":{"mean":0.4721},"disk":{"mean":0.025}},"ms-66495":{"cpu":{"min":0.07866,"max":0.27287},"memory":{"mean":0.51172},"disk":{"mean":0.025}},"ms-66711":{"cpu":{"min":0.0031875,"max":0.32834},"memory":{"mean":0.7286},"disk":{"mean":0.025}},"ms-67767":{"cpu":{"min":0.088416,"max":0.3361},"memory":{"mean":0.71186},"disk":{"mean":0.025}},"ms-68089":{"cpu":{"min":0.08514,"max":0.09576},"memory":{"mean":0.44197},"disk":{"mean":0.025}},"ms-68630":{"cpu":{"min":0.015375,"max":0.07854},"memory":{"mean":0.37109},"disk":{"mean":0.025}},