{"ms-10541":{"cpu":{"min":0.0245,"max":0.13924},"memory":{"min":0.43112,"max":0.65838},"disk":{"mean":0.025}},"ms-10916":{"cpu":{"min":0.15645,"max":0.39447},"memory":{"min":0.56817,"max":0.58558},"disk":{"mean":0.025}},"ms-12086":{"cpu":{"min":0.033292,"max":0.055167},"memory":{"min":0.49404,"max":0.49669},"disk":{"mean":0.025}},"ms-12602":{"cpu":{"min":0.038745,"max":0.10104},"memory":{"min":0.55049,"max":0.64732},"disk":{"mean":0.025}},"ms-13386":{"cpu":{"min":0.061557,"max":0.10016},"memory":{"min":0.60549,"max":0.60894},"disk":{"mean":0.025}},"ms-13400":{"cpu":{"min":0.07515,"max":0.12587},"memory":{"min":0.46529,"max":0.47347},"disk":{"mean":0.025}},"ms-13825":{"cpu":{"min":0.06525,"max":0.2925},"memory":{"min":0.63241,"max":0.65313},"disk":{"mean":0.025}},"ms-14153":{"cpu":{"min":0.13142,"max":0.29908},"memory":{"min":0.59614,"max":0.63538},"disk":{"mean":0.025}},"ms-15266":{"cpu":{"min":0.15138,"max":0.54123},"memory":{"min":0.53049,"max":0.61884},"disk":{"mean":0.025}},"ms-1566":{"cpu":{"min":0.062925,"max":0.10813},"memory":{"min":0.45015,"max":0.45887},"disk":{"mean":0.025}},"ms-16235":{"cpu":{"min":0.014085,"max":0.026968},"memory":{"min":0.34028,"max":0.36131},"disk":{"mean":0.025}},"ms-16735":{"cpu":{"min":0.09474,"max":0.38166},"memory":{"min":0.7767,"max":0.79313},"disk":{"mean":0.025}},"ms-17571":{"cpu":{"min":0.0125,"max":0.056625},"memory":{"min":0.6259,"max":0.6342},"disk":{"mean":0.025}},"ms-18249":{"cpu":{"min":0.016458,"max":0.034542},"memory":{"min":0.34028,"max":0.34674},"disk":{"mean":0.025}},"ms-18473":{"cpu":{"min":0.052833,"max":0.19496},"memory":{"min":0.55993,"max":0.65037},"disk":{"mean":0.025}},"ms-20383":{"cpu":{"min":0.032458,"max":0.066583},"memory":{"min":0.62603,"max":0.63815},"disk":{"mean":0.025}},"ms-20908":{"cpu":{"min":0.030125,"max":0.36},"memory":{"min":0.80142,"max":0.88374},"disk":{"mean":0.025}},"ms-20951":{"cpu":{"min":0.060967,"max":0.79623},"memory":{"min":0.39309,"max":0.58779},"disk":{"mean":0.025}},"ms-21451":{"cpu":{"min":0.0415,"max":0.16229},"memory":{"min":0.53189,"max":0.72765},"disk":{"mean":0.025}},"ms-2151":{"cpu":{"min":0.045,"max":0.11584},"memory":{"min":0.45294,"max":0.55678},"disk":{"mean":0.025}},"ms-22012":{"cpu":{"min":0.079875,"max":0.18467},"memory":{"min":0.89234,"max":0.92195},"disk":{"mean":0.025}},"ms-23612":{"cpu":{"min":0.15841,"max":0.20832},"memory":{"min":0.65705,"max":0.65802},"disk":{"mean":0.025}},"ms-24964":{"cpu":{"min":0.073603,"max":0.11142},"memory":{"min":0.44061,"max":0.50193},"disk":{"mean":0.025}},"ms-25557":{"cpu":{"min":0.0305,"max":0.050208},"memory":{"min":0.3923,"max":0.3965},"disk":{"mean":0.025}},"ms-2842":{"cpu":{"min":0.068342,"max":0.09499},"memory":{"min":0.42134,"max":0.42426},"disk":{"mean":0.025}},"ms-28467":{"cpu":{"min":0.03744,"max":0.07104},"memory":{"min":0.14005,"max":0.14876},"disk":{"mean":0.025}},"ms-28617":{"cpu":{"min":0.014708,"max":0.026208},"memory":{"min":0.37272,"max":0.37779},"disk":{"mean":0.025}},"ms-28875":{"cpu":{"min":0.1008,"max":0.46993},"memory":{"min":0.64274,"max":0.66286},"disk":{"mean":0.025}},"ms-28991":{"cpu":{"min":0.14814,"max":0.36711},"memory":{"min":0.64844,"max":0.66348},"disk":{"mean":0.025}},"ms-30966":{"cpu":{"min":0.02025,"max":0.022792},"memory":{"min":0.41744,"max":0.41932},"disk":{"mean":0.025}},"ms-32135":{"cpu":{"min":0.047542,"max":0.28104},"memory":{"min":0.6367,"max":0.66566},"disk":{"mean":0.025}},"ms-33056":{"cpu":{"min":0.029769,"max":0.03915},"memory":{"min":0.39397,"max":0.3955},"disk":{"mean":0.025}},"ms-3386":{"cpu":{"min":0.028542,"max":0.066583},"memory":{"min":0.37196,"max":0.40027},"disk":{"mean":0.025}},"ms-35973":{"cpu":{"min":0.034083,"max":0.10669},"memory":{"min":0.52564,"max":0.53893},"disk":{"mean":0.025}},"ms-36285":{"cpu":{"min":0.0711,"max":0.08046},"memory":{"min":0.91528,"max":0.91917},"disk":{"mean":0.025}},"ms-36942":{"cpu":{"min":0.029708,"max":0.13734},"memory":{"min":0.61747,"max":0.65965},"disk":{"mean":0.025}},"ms-37287":{"cpu":{"min":0.037833,"max":0.1449},"memory":{"min":0.10945,"max":0.12438},"disk":{"mean":0.025}},"ms-40071":{"cpu":{"min":0.042604,"max":0.1874},"memory":{"min":0.11069,"max":0.1223},"disk":{"mean":0.025}},"ms-4020":{"cpu":{"min":0.11947,"max":0.21938},"memory":{"min":0.68434,"max":0.68633},"disk":{"mean":0.025}},"ms-41385":{"cpu":{"min":0.15264,"max":0.26324},"memory":{"min":0.47682,"max":0.52803},"disk":{"mean":0.025}},"ms-42253":{"cpu":{"min":0.025272,"max":0.036482},"memory":{"min":0.3355,"max":0.33728},"disk":{"mean":0.025}},"ms-42664":{"cpu":{"min":0.05268,"max":0.19129},"memory":{"min":0.52576,"max":0.60106},"disk":{"mean":0.025}},"ms-4651":{"cpu":{"min":0.047987,"max":0.05428},"memory":{"min":0.50834,"max":0.51236},"disk":{"mean":0.025}},"ms-46634":{"cpu":{"min":0.020333,"max":0.04025},"memory":{"min":0.42009,"max":0.65319},"disk":{"mean":0.025}},"ms-47144":{"cpu":{"min":0.077782,"max":0.10237},"memory":{"min":0.49268,"max":0.49455},"disk":{"mean":0.025}},"ms-47353":{"cpu":{"min":0.09342,"max":0.13248},"memory":{"min":0.46245,"max":0.46494},"disk":{"mean":0.025}},"ms-47970":{"cpu":{"min":0.09261,"max":0.29178},"memory":{"min":0.47992,"max":0.65892},"disk":{"mean":0.025}},"ms-48517":{"cpu":{"min":0.021756,"max":0.12321},"memory":{"min":0.74133,"max":0.75031},"disk":{"mean":0.025}},"ms-49162":{"cpu":{"min":0.10494,"max":0.22104},"memory":{"min":0.54334,"max":0.64943},"disk":{"mean":0.025}},"ms-49759":{"cpu":{"min":0.02538,"max":0.06549},"memory":{"min":0.47114,"max":0.51214},"disk":{"mean":0.025}},"ms-49944":{"cpu":{"min":0.088107,"max":0.18162},"memory":{"min":0.75333,"max":0.79195},"disk":{"mean":0.025}},"ms-50741":{"cpu":{"min":0.0024271,"max":0.0078229},"memory":{"min":0.011708,"max":0.41858},"disk":{"mean":0.025}},"ms-51682":{"cpu":{"min":0.021375,"max":0.028125},"memory":{"min":0.69429,"max":0.69972},"disk":{"mean":0.025}},"ms-5182":{"cpu":{"min":0.10755,"max":0.25371},"memory":{"min":0.6872,"max":0.71583},"disk":{"mean":0.025}},"ms-51863":{"cpu":{"min":0.03775,"max":0.067375},"memory":{"min":0.064815,"max":0.067681},"disk":{"mean":0.025}},"ms-52149":{"cpu":{"min":0.09099,"max":0.16407},"memory":{"min":0.62143,"max":0.6326},"disk":{"mean":0.025}},"ms-53302":{"cpu":{"min":0.031365,"max":0.07848},"memory":{"min":0.38928,"max":0.39505},"disk":{"mean":0.025}},"ms-54249":{"cpu":{"min":0.048085,"max":0.08694},"memory":{"min":0.52909,"max":0.54341},"disk":{"mean":0.025}},"ms-54484":{"cpu":{"min":0.042885,"max":0.27873},"memory":{"min":0.27079,"max":0.42174},"disk":{"mean":0.025}},"ms-55238":{"cpu":{"min":0.04401,"max":0.09558},"memory":{"min":0.6045,"max":0.73103},"disk":{"mean":0.025}},"ms-55290":{"cpu":{"min":0.0504,"max":0.14401},"memory":{"min":0.77078,"max":0.78247},"disk":{"mean":0.025}},"ms-55302":{"cpu":{"min":0.0158,"max":0.063868},"memory":{"min":0.18838,"max":0.19466},"disk":{"mean":0.025}},"ms-55866":{"cpu":{"min":0.012196,"max":0.22938},"memory":{"min":0.3487,"max":0.36073},"disk":{"mean":0.025}},"ms-56325":{"cpu":{"min":0.03876,"max":0.13386},"memory":{"min":0.52181,"max":0.53293},"disk":{"mean":0.025}},"ms-56707":{"cpu":{"min":0.18792,"max":0.23508},"memory":{"min":0.64484,"max":0.64804},"disk":{"mean":0.025}},"ms-57887":{"cpu":{"min":0.020042,"max":0.028917},"memory":{"min":0.6999,"max":0.70197},"disk":{"mean":0.025}},"ms-58160":{"cpu":{"min":0.04392,"max":0.19952},"memory":{"min":0.39356,"max":0.43577},"disk":{"mean":0.025}},"ms-58383":{"cpu":{"min":0.022208,"max":0.03696},"memory":{"min":0.41361,"max":0.41877},"disk":{"mean":0.025}},"ms-58582":{"cpu":{"min":0.13157,"max":0.35951},"memory":{"min":0.61529,"max":0.63471},"disk":{"mean":0.025}},"ms-58652":{"cpu":{"min":0.04059,"max":0.06876},"memory":{"min":0.4119,"max":0.41958},"disk":{"mean":0.025}},"ms-62243":{"cpu":{"min":0.03681,"max":0.076897},"memory":{"min":0.40636,"max":0.41938},"disk":{"mean":0.025}},"ms-63434":{"cpu":{"min":0.056738,"max":0.12482},"memory":{"min":0.62167,"max":0.83711},"disk":{"mean":0.025}},"ms-64367":{"cpu":{"min":0.039923,"max":0.054673},